{
	"class_name" : "PinholeCameraParameters",
	"extrinsic" : 
	[
		0.98978598141879459,
		0.033570578669284361,
		-0.13855225452746367,
		0.0,
		-0.0022072891219376898,
		0.97537100889418082,
		0.22055956765345783,
		0.0,
		0.14254416460018929,
		-0.21800094324694433,
		0.96548265125888044,
		0.0,
		0.075902585721117688,
		-0.014072651350714283,
		1.4004365342578073,
		1.0
	],
	"intrinsic" : 
	{
		"height" : 1024,
		"intrinsic_matrix" : 
		[
			886.8100134752652,
			0.0,
			0.0,
			0.0,
			886.8100134752652,
			0.0,
			511.5,
			511.5,
			1.0
		],
		"width" : 1024
	},
	"version_major" : 1,
	"version_minor" : 0
}