{
	"class_name" : "PinholeCameraParameters",
	"extrinsic" : 
	[
		0.99058297946652429,
		-0.0043044093088066516,
		-0.1368460187646173,
		0.0,
		0.017797794113267051,
		0.99507314851546869,
		0.09753290536128692,
		0.0,
		0.13575197720816257,
		-0.099049993256003055,
		0.9857791332342456,
		0.0,
		0.10176737088344442,
		0.040910507759399362,
		1.3603319535973939,
		1.0
	],
	"intrinsic" : 
	{
		"height" : 512,
		"intrinsic_matrix" : 
		[
			443.4050067376326,
			0.0,
			0.0,
			0.0,
			443.4050067376326,
			0.0,
			255.5,
			255.5,
			1.0
		],
		"width" : 512
	},
	"version_major" : 1,
	"version_minor" : 0
}